last_name,first_name,player_id,attempts,avg_hit_angle,anglesweetspotpercent,max_hit_speed,avg_hit_speed,fbld,gb,max_distance,avg_distance,avg_hr_distance,ev95plus,ev95percent,barrels,brl_percent,brl_pa
Hoerner, Nico,663538,86,6.3,39.5,109.2,88.1,90.1,86.3,404,151,390,33,38.4,3,3.5,3
Bichette, Bo,666182,84,5.6,44,109.6,91.7,93.2,90.5,415,164,399,32,38.1,7,8.3,6.7
Verdugo, Alex,657077,82,9.5,41.5,109.9,89.4,92.8,87.8,419,170,390,35,42.7,6,7.3,5.7
Kwan, Steven,680757,82,15.2,40.2,104.4,85.9,88.2,85.5,351,160,,18,22,0,0,0
Ramírez, José,608070,80,18.9,27.5,110,88.4,92.2,86.8,424,181,412,31,38.8,5,6.3,4.8
Guerrero Jr., Vladimir,665489,80,9.6,31.3,115.5,94,96.8,93.3,436,168,395,46,57.5,10,12.5,9.6
Hayes, Ke'Bryan,663647,79,13.6,31.6,111.3,92.6,92.3,95.2,440,159,440,38,48.1,5,6.3,5.2
Acuña Jr., Ronald,660670,79,4.3,26.6,114.8,94,99.5,90.2,438,132,407,40,51.3,11,13.9,10.1
Bogaerts, Xander,593428,79,5.1,24.1,109.4,87.4,92.5,83.8,417,146,405,21,26.6,6,7.6,5.8
Bregman, Alex,608324,77,19.3,42.9,105.8,88.2,91.2,85.8,408,198,396,29,37.7,6,7.8,5.6
Turner, Justin,457759,77,16.7,33.8,108.1,90.6,92.3,89.4,388,183,387,31,40.3,3,3.9,2.9
France, Ty,664034,76,13.9,31.6,107.5,85.8,89.8,82.7,398,152,339,25,32.9,3,3.9,3
Stott, Bryson,681082,76,7.3,32.9,105.2,87.4,91.2,86.5,378,138,372,33,43.4,2,2.6,2
Dubón, Mauricio,643289,75,4.9,34.7,105.8,87.3,89.9,86,382,141,,25,33.3,1,1.3,1.2
Miranda, Jose,669304,75,9.2,34.7,106.7,87.7,89.1,88,399,140,,28,37.3,2,2.7,2.1
Albies, Ozzie,645277,75,12,36,109.2,86.8,91.2,84,421,173,392,29,38.7,10,13.3,10.3
Turner, Trea,607208,74,17.6,39.2,109.6,87.5,90.9,84.9,392,176,386,27,36.5,3,4.1,2.8
Marte, Ketel,606466,74,5.1,31.1,113.5,90.9,93.3,89.7,411,149,401,31,41.9,7,9.5,7.8
Semien, Marcus,543760,73,16.2,42.5,107.6,86.4,89.8,82,417,186,398,30,41.1,4,5.5,4
McNeil, Jeff,643446,73,10.7,23.3,104.6,86.7,91.6,84.8,373,129,355,24,32.9,2,2.7,2
Devers, Rafael,646240,73,16.2,37,115,94.5,97.7,94.2,424,191,385,40,54.8,13,17.8,12.9
Franco, Wander,677551,73,15.7,34.2,111,90.4,94.1,86.2,411,186,398,31,42.5,9,12.3,9.2
Nimmo, Brandon,607043,73,7.5,30.1,111.9,92.2,95.6,91.2,431,141,427,38,52.1,4,5.5,4
Witt Jr., Bobby,677951,72,16.9,26.4,113.8,90.2,93.1,90.5,430,165,390,30,41.7,6,8.3,6.3
Reynolds, Bryan,668804,72,15.5,41.7,112.4,92.3,94.9,91.3,414,183,397,37,51.4,14,19.4,14.9
Springer, George,543807,72,16.3,27.8,115.9,86.6,92.2,85.9,440,173,412,23,31.9,9,12.5,9
Mountcastle, Ryan,663624,72,15.5,41.7,111,93.9,97.7,88.6,456,202,413,37,51.4,12,16.7,12.2
Abreu, José,547989,72,6.7,30.6,109.3,86.7,90.8,83.3,413,147,,26,36.1,5,6.9,5
Renfroe, Hunter,592669,71,12.1,25.4,113.2,90.1,94.4,88.4,413,153,379,36,50.7,6,8.5,6.1
Lowe, Nathaniel,663993,71,5.7,35.2,110.3,88.6,94.8,83,430,151,425,26,36.6,3,4.2,3
Freeman, Freddie,518692,71,12.7,52.1,108.4,89.9,93.1,85.7,425,190,391,27,38,7,9.9,6.8
Bohm, Alec,664761,70,6.8,35.7,109.3,90.6,94.9,89.7,440,150,408,35,50,5,7.1,5.2
Rodríguez, Julio,677594,70,8.4,41.4,113.4,90.7,96.2,84.5,395,176,379,32,45.7,7,10,6.8
Machado, Manny,592518,70,13,28.6,111.6,88.6,92.3,86,402,144,380,23,32.9,4,5.7,4.2
India, Jonathan,663697,69,12.1,37.7,107.9,90.6,93.5,90,385,168,382,30,43.5,3,4.3,3
Perez, Salvador,521692,69,20.7,36.2,111.7,88.6,93.6,82.2,416,205,396,28,40.6,5,7.2,5.5
Arenado, Nolan,571448,69,15,33.3,108,86.8,89.4,84.6,416,158,405,24,34.8,3,4.3,3.1
Candelario, Jeimer,600869,69,13.1,34.8,111.3,89.2,91.7,86.4,442,180,412,21,30.4,4,5.8,4.3
Díaz, Yandy,650490,69,12.6,34.8,114.5,95.8,95.7,97.4,440,190,411,40,58,10,14.5,10.6
Benintendi, Andrew,643217,69,9.6,26.1,105.7,85.4,87.9,83.6,402,134,,15,21.7,1,1.4,1.1
Arozarena, Randy,668227,68,11.6,39.7,114.3,95.7,99.4,92.4,436,189,395,42,61.8,13,19.1,13.3
Arraez, Luis,650333,68,11.6,50,100.3,89.1,90.6,86.9,374,181,358,17,25,3,4.4,3.7
Bellinger, Cody,641355,68,22.8,39.7,108.1,86.8,91.4,80.2,422,196,399,21,30.9,6,8.8,6.5
Gurriel Jr., Lourdes,666971,67,10.9,37.3,105.2,90,93.5,88.1,407,168,370,34,50.7,5,7.5,5.7
Ruiz, Esteury,665923,67,14.5,34.3,108.2,86.7,91,81.9,392,151,,19,28.4,3,4.5,3.2
Meneses, Joey,608841,67,7.3,35.8,110.8,88.5,95.5,83.5,409,153,409,31,46.3,6,9,6.7
Alonso, Pete,624413,67,14,38.8,112.4,91.2,95.8,88.4,431,182,407,30,44.8,12,17.9,11.9
Blackmon, Charlie,453568,67,15.8,40.3,107.9,83.5,87.6,77.9,390,179,389,16,23.9,3,4.5,3.2
Rutschman, Adley,668939,67,20.5,44.8,109,87.9,90.5,82.9,408,212,404,20,29.9,6,9,5.9
Ward, Taylor,621493,66,11.2,30.3,108.7,88.5,91.7,87.6,417,159,395,25,37.9,5,7.6,4.9
García, Adolis,666969,66,13.3,31.8,111.7,93.1,96.2,91.6,432,186,413,34,51.5,10,15.2,10.8
Bryant, Kris,592178,66,12.3,36.4,108.8,84.8,94,74.9,434,157,414,19,28.8,3,4.5,3.2
Pasquantino, Vinnie,686469,66,15.1,45.5,108.7,92.7,94.4,91.1,388,197,380,35,53,4,6.1,4.3
Goldschmidt, Paul,502671,66,19.1,33.3,110.4,95.6,99,92,403,185,401,39,59.1,9,13.6,9.1
Peña, Jeremy,665161,66,6.5,36.4,107.7,87.7,89.9,85.3,432,155,379,22,33.3,3,4.5,3
Estrada, Thairo,642731,65,11.1,43.1,110.5,86,90.9,78,441,180,416,20,30.8,5,7.7,5.6
Robert Jr., Luis,673357,65,15.3,40,113.4,87.9,90.6,87.3,413,175,386,23,35.4,8,12.3,8.2
Walker, Christian,572233,65,17.3,35.4,111.8,86.3,92.8,80.4,412,166,382,21,32.3,5,7.7,5.7
Andrus, Elvis,462101,65,5.9,30.8,108.2,86.7,87.9,87.2,359,139,,18,27.7,0,0,0
Giménez, Andrés,665926,65,7.7,29.2,106.9,84.1,89.9,81.8,407,123,407,16,24.6,1,1.5,1.1
Carroll, Corbin,682998,64,14,35.9,111.1,92,96.4,89.9,432,167,410,28,43.8,7,10.9,7.7
Adames, Willy,642715,64,19.9,35.9,108.7,86.9,93,79,416,186,396,23,35.9,8,12.5,7.9
Straw, Myles,664702,64,8.1,31.3,106.2,86,85.8,87.7,347,126,,13,20.3,0,0,0
Kemp, Tony,643393,64,14.3,26.6,101.6,86.7,90.6,86.1,405,155,405,12,18.8,2,3.1,2.4
Santana, Carlos,467793,64,13,42.2,110.5,90.8,93.9,91.8,382,159,360,27,42.2,5,7.8,5.4
Friedl, TJ,670770,64,9,35.9,105.4,84.7,89.5,82.2,392,130,385,14,21.9,2,3.1,2.2
Rizzo, Anthony,519203,64,21,43.8,110.6,91.3,95.3,84.3,421,205,380,29,45.3,7,10.9,7.4
Tucker, Kyle,663656,64,13,43.8,109.8,91.8,95.2,89.2,437,188,395,33,51.6,8,12.5,8.2
Vaughn, Andrew,683734,63,10.2,33.3,111.2,89.9,96.1,84.3,403,164,378,29,46,6,9.5,6.3
Torkelson, Spencer,679529,63,13.7,31.7,111.7,90.1,94.4,85.8,424,169,421,27,42.9,6,9.5,7
Hernández, Enrique,571771,63,23.2,36.5,108,86.4,88.9,89.9,393,190,376,19,30.2,3,4.8,3.1
Mullins, Cedric,656775,63,20.9,27,107,87.4,91.6,83.2,418,159,399,24,38.1,3,4.8,3.2
Ruiz, Keibert,660688,63,16.2,38.1,106.5,86.2,89,85.3,407,170,407,17,27,3,4.8,4
Yastrzemski, Mike,573262,62,17.5,33.9,110.1,88.6,93.3,85.6,413,166,384,25,40.3,5,8.1,5.9
Ohtani, Shohei,660271,62,10.1,35.5,116.7,91.5,96.5,88.7,447,163,416,32,51.6,9,14.5,9.3
Bell, Josh,605137,62,2.7,27.4,110.5,90,93.7,88.6,410,122,398,26,41.9,6,9.7,6.2
Daza, Yonathan,602074,62,13.7,29,105.4,84.9,86.6,83.5,400,171,,12,19.4,1,1.6,1.3
Urshela, Gio,570482,61,11.9,32.8,105.4,87.3,89.4,85.8,385,153,385,19,31.1,1,1.6,1.3
Castellanos, Nick,592206,61,8.2,37.7,108.4,88.7,93.9,85.3,378,138,371,24,39.3,6,9.8,6.1
Torres, Gleyber,650402,61,13.9,41,108.2,89.1,95,82.8,378,166,370,20,32.8,6,9.8,6.5
Canha, Mark,592192,61,12.9,36.1,109.2,87.2,92.7,82.4,414,176,409,20,32.8,5,8.2,5.6
Edman, Tommy,669242,61,10.2,21.3,109.6,88,89.5,88.6,385,137,364,18,29.5,2,3.3,2.4
Martinez, J.D.,502110,60,18.1,45,111.1,92.4,96.1,88.8,438,184,407,29,48.3,9,15,9.2
Chapman, Matt,656305,60,15.6,40,112.8,95.7,100.1,90.4,423,208,394,38,63.3,20,33.3,21.5
Marte, Starling,516782,60,8.8,38.3,110.1,86.2,91.5,81.5,419,145,419,19,31.7,5,8.3,6.2
Yoshida, Masataka,807799,60,0.2,28.3,112.3,86.9,94.6,82.5,407,121,390,24,40,4,6.7,5
Yelich, Christian,592885,60,4.7,35,113.5,93.8,97.6,93.5,413,142,373,35,58.3,3,5,3
Hernández, Teoscar,606192,60,13.2,36.7,112.6,91.3,96.3,86.1,426,185,414,28,46.7,9,15,9.8
Riley, Austin,663586,60,8.4,31.7,113.3,90.4,95.1,87.8,473,157,404,26,44.8,5,8.3,4.9
Cronenworth, Jake,630105,59,11.3,47.5,108.3,88.8,94.3,83.2,412,189,398,26,44.1,5,8.5,5.4
Rosario, Amed,642708,59,9.1,33.9,107.6,91.8,95,90.1,394,163,387,31,52.5,5,8.5,6
Lindor, Francisco,596019,59,13.9,40.7,111,91.2,96.1,85.7,439,183,400,24,40.7,4,6.8,3.9
Smith, Dominic,642086,59,11.5,28.8,103.2,85.6,91.9,81.2,354,163,,16,27.1,0,0,0
Schwarber, Kyle,656941,59,22,35.6,112.7,92.7,95.3,92.5,438,190,391,26,44.1,8,13.6,8.1
Díaz, Aledmys,649557,59,10.9,30.5,108.2,86.2,90.2,84.9,383,150,383,20,33.9,2,3.4,2.4
McCutchen, Andrew,457705,58,11.1,34.5,107.8,89.7,94.2,82.9,442,171,391,26,44.8,4,6.9,4.8
Rojas, Josh,668942,58,9,41.4,103.1,87.6,89.8,85.6,392,173,,19,32.8,2,3.4,2.4
Segura, Jean,516416,58,-2.4,24.1,109.2,89.1,92.8,87.5,388,103,,23,39.7,2,3.4,2.7
Báez, Javier,595879,58,9.3,19,109.7,89.7,92.6,89.2,360,129,,22,37.9,0,0,0
Berti, Jon,542932,58,13.2,32.8,107.8,87.1,93.5,80.7,417,164,410,21,36.2,3,5.2,3.9
Hays, Austin,669720,58,10.6,37.9,111,93.2,95.3,92.2,430,173,418,27,46.6,11,19,12.6
Profar, Jurickson,595777,58,15,34.5,107,85.7,85.4,86.5,417,173,388,20,34.5,2,3.4,2.2
Varsho, Daulton,662139,58,11.4,39.7,112.5,84.8,91.6,76.6,389,171,381,18,31,4,6.9,4.3
Betts, Mookie,605141,58,15.2,37.9,108.1,90.2,95,87,393,183,383,24,41.4,4,6.9,4.3
Jung, Josh,673962,57,18.6,43.9,108.9,89.3,93.7,85,441,195,402,25,43.9,6,10.5,6.6
Soto, Juan,665742,57,6.2,19.3,111.9,91.9,98.4,90,453,134,430,32,56.1,9,15.8,8.7
Naylor, Josh,647304,57,18.5,24.6,109.1,88.4,91.2,87.6,430,174,418,22,38.6,5,8.8,6.4
Contreras, Willson,575929,57,11.4,42.1,115.1,92.2,95,90.8,441,180,397,27,47.4,8,14,9.5
Thomas, Lane,657041,57,13.9,31.6,109.3,86.2,92.1,82.4,384,143,,18,31.6,1,1.8,1.2
Suárez, Eugenio,553993,57,17.4,40.4,110.2,91.5,94.3,88,407,195,385,27,47.4,5,8.8,5.2
Correa, Carlos,621043,57,18.8,36.8,113.9,87.8,92.8,83,389,181,354,23,40.4,6,10.5,7.2
Grisham, Trent,663757,56,25.9,26.8,112.3,94.3,98.4,91.2,424,200,410,25,44.6,12,21.4,12.5
Flores, Wilmer,527038,56,23.1,33.9,106,86,91.1,84.6,401,189,387,21,37.5,3,5.4,4.2
Anderson, Brian,605119,56,8.9,39.3,108.8,87.7,94.1,83.3,421,162,401,21,37.5,10,17.9,10.9
Donovan, Brendan,680977,56,7.3,33.9,109.1,86.8,93.5,83,396,142,392,18,32.1,4,7.1,5.2
Trout, Mike,545361,56,16.8,44.6,112.3,93.3,97.3,87.5,441,216,423,31,55.4,8,14.3,8.2
Frazier, Adam,624428,55,7.3,30.9,103.9,86.7,90.4,84.5,396,149,387,18,32.7,2,3.6,2.8
Cooper, Garrett,643265,55,12.2,36.4,109.8,90.9,93.2,88.7,422,170,411,26,47.3,4,7.3,4.8
Díaz, Elias,553869,55,7.8,25.5,110.6,89,93.3,89.7,443,136,438,24,43.6,2,3.6,2.7
Burleson, Alec,676475,55,12.8,41.8,110.6,92.6,94.8,88.7,393,186,378,27,49.1,2,3.6,2.9
Robles, Victor,645302,55,13.4,21.8,106.2,85.2,89.4,81.8,415,139,,14,25.5,2,3.6,2.7
Cron, C.J.,543068,55,14,34.5,111.9,91.6,99,83.9,479,181,404,27,49.1,10,18.2,11.6
Happ, Ian,664023,55,14,52.7,112.4,90.7,97.4,80.8,423,188,399,22,40,6,10.9,6.6
Thomas, Alek,677950,54,9.8,22.2,110.3,91.7,93.8,90.6,432,149,427,27,50,5,9.3,6.8
Paredes, Isaac,670623,54,23.1,29.6,105.7,87.1,90.6,87.3,404,176,380,14,25.9,2,3.7,2.5
Realmuto, J.T.,592663,54,11.8,37,110.6,86.2,95.8,80.6,448,162,422,20,37,6,11.1,7.3
Swanson, Dansby,621020,54,6.8,27.8,109,89.8,95.5,84.9,379,133,,20,37,5,9.3,5.4
Soler, Jorge,624585,54,22.6,42.6,114.1,95.4,99.6,91.2,417,225,409,31,57.4,11,20.4,13.1
De La Cruz, Bryan,650559,54,7.1,38.9,109.5,92.6,95.2,90.4,388,144,371,26,48.1,4,7.4,4.9
Contreras, William,661388,53,6.6,30.2,108.8,90.2,94.3,87.5,410,143,410,25,47.2,4,7.5,5.5
Walker, Jordan,691023,53,2.7,26.4,113.9,90,95.3,86.9,383,131,382,25,47.2,4,7.5,5.1
Cabrera, Oswaldo,665828,53,13.1,24.5,106.8,88.9,96.1,85.9,397,134,349,21,39.6,3,5.7,4.1
Greene, Riley,682985,52,4.2,30.8,107.9,90.1,96.4,85.6,414,141,384,23,44.2,6,11.5,6.5
Judge, Aaron,592450,52,18.4,40.4,114.4,94.6,98.8,89.9,422,217,405,33,63.5,12,23.1,12.4
García, Luis,671277,52,1.4,30.8,107.7,88.3,93.3,85.1,430,129,415,19,36.5,3,5.8,4.8
Margot, Manuel,622534,52,15,23.1,105.6,85.4,88.6,85.2,427,158,417,20,38.5,4,7.7,5.9
Stephenson, Tyler,663886,52,13.3,42.3,106.8,90.5,96.8,79.1,367,178,,24,47.1,4,7.7,4.5
Wiemer, Joey,686894,52,5.7,28.8,105.4,85.6,95.3,78.5,385,146,385,18,34.6,3,5.8,3.9
Olson, Matt,621566,52,15.2,38.5,118.6,95.9,100.7,89.7,448,208,419,26,50,12,23.1,11.3
Abrams, CJ,682928,52,14,40.4,107.5,85.9,90.6,80.2,377,163,370,22,42.3,1,1.9,1.3
Gorman, Nolan,669357,51,16.1,49,112.3,92.8,96.7,90.9,446,187,411,28,54.9,10,19.6,12.2
Davis, J.D.,605204,51,8.3,39.2,111.3,91.6,93,90.3,417,153,389,25,49,5,9.8,6.7
Santander, Anthony,623993,51,22.1,27.5,109.9,90.1,95.9,90.6,409,182,405,26,51,4,7.8,4.7
McCarthy, Jake,664983,51,9.7,35.3,108.5,85.5,90,83.5,412,143,412,13,25.5,3,5.9,4.3
Kim, Ha-Seong,673490,51,17.9,27.5,108.2,84.7,89.7,79.4,400,161,366,10,19.6,3,5.9,3.7
Tellez, Rowdy,642133,51,15.8,41.2,109.9,88.3,93.1,83.6,422,190,393,21,41.2,7,13.7,8.4
Steer, Spencer,668715,51,14,27.5,110.6,91.1,95.5,89.7,438,172,437,21,41.2,4,7.8,5
Ramírez, Harold,623912,51,13.1,35.3,109.5,89.1,93.2,85.6,441,164,399,21,41.2,4,7.8,5.8
Alvarez, Yordan,670541,51,16.3,35.3,116,91.8,95.9,86,442,202,406,25,49,9,17.6,10
Tovar, Ezequiel,678662,50,10.9,32,109.4,85.8,88.9,81.9,370,155,,11,22,1,2,1.3
Myers, Wil,571976,50,18.5,34,105.8,90.6,94.7,86.6,406,161,404,18,36.7,4,8,4.5
Merrifield, Whit,593160,50,11.2,36,104.6,84.5,88.6,79.4,368,161,,10,20,1,2,1.4
Grandal, Yasmani,518735,50,11.9,38,107.4,86.2,92.4,79.2,428,176,415,14,28,2,4,2.6
Kelenic, Jarred,672284,50,8.6,40,111.7,92.4,98.6,85.3,482,195,409,29,58,9,18,11.7
Wisdom, Patrick,621550,50,23.8,40,110.2,94.2,98.3,92.5,428,214,401,29,59.2,11,22,13.1
Fraley, Jake,641584,50,17,28,111.7,84.8,90.5,83.4,367,146,349,12,24,2,4,2.6
Outman, James,681546,50,12.4,42,110.7,89.3,94.4,82.9,423,193,401,22,44,10,20,11.8
Drury, Brandon,592273,50,18.6,38,110.5,88,91.4,84.4,441,178,408,22,44,4,8,5.2
Moreno, Gabriel,672515,49,6.4,42.9,109.3,90.1,92.4,89.1,406,146,399,20,40.8,3,6.1,4.6
Olivares, Edward,658668,49,11.9,38.8,108.8,87.9,92.8,83.5,421,173,417,20,40.8,6,12.2,9
Lowe, Josh,666139,49,19.4,32.7,109.4,84.4,90.8,77.5,429,178,411,15,30.6,4,8.2,6.3
Larnach, Trevor,663616,49,16.6,44.9,109.3,87.6,94.3,73.1,423,207,417,21,42.9,6,12.2,6.7
Colás, Oscar,693049,49,1.8,18.4,112.2,83.4,89.5,83.1,416,112,416,14,28.6,3,6.1,4.2
Chisholm Jr., Jazz,665862,49,2.1,24.5,111.6,90.4,94.4,87.6,411,127,398,16,32.7,4,8.2,4.5
Isbel, Kyle,664728,49,3.7,28.6,107.9,90.5,94,88.4,399,143,,24,49,3,6.1,4.5
Buxton, Byron,621439,49,16.3,36.7,110.8,90.8,94.2,87,423,191,407,21,42.9,7,14.3,8
McMahon, Ryan,641857,49,12.5,40.8,113.2,90.7,97.7,83.4,443,175,415,24,49,10,20.4,11.1
Langeliers, Shea,669127,48,23.9,27.1,111.6,86.8,93.9,83.2,440,172,416,15,31.3,4,8.3,5.3
Call, Alex,669743,48,12.2,27.1,104.8,85.2,90.1,82.7,410,162,410,13,27.1,2,4.2,2.7
Kiermaier, Kevin,595281,48,7,25,107.5,88.6,89.5,89.7,390,123,390,17,35.4,1,2.1,1.5
Mancini, Trey,641820,48,6,29.2,108.6,88,91,87.3,419,130,394,19,39.6,1,2.1,1.3
LeMahieu, DJ,518934,47,7.8,38.3,110.5,93.6,95.8,92.3,395,164,362,26,55.3,3,6.4,3.9
Mateo, Jorge,622761,47,4.9,25.5,112.4,90.4,96.4,85.4,433,137,416,20,42.6,3,6.4,4.8
Crawford, J.P.,641487,47,13.5,29.8,108.3,91.1,89.4,95.6,375,163,,18,38.3,1,2.1,1.3
Aguilar, Jesús,542583,47,22.1,38.3,108.2,87.8,90,85.8,426,194,399,14,29.8,3,6.4,4.3
Vargas, Miguel,678246,46,11.7,43.5,108.1,86.5,91.3,82.2,382,183,,15,32.6,2,4.3,2.6
Rosario, Eddie,592696,46,14.9,30.4,109.8,88.8,95.9,81,410,187,404,19,41.3,5,10.9,7.8
O'Neill, Tyler,641933,46,13.8,39.1,109,90,93.8,86.2,461,173,432,22,47.8,6,13,7.9
Volpe, Anthony,683011,46,16.4,26.1,104.6,88.4,91.7,84.4,394,170,379,17,37,3,6.5,3.5
Rendon, Anthony,543685,46,13.1,34.8,102.7,91.2,91.2,91.2,379,170,,18,39.1,1,2.2,1.6
Maton, Nick,665155,46,20.4,28.3,106.1,88.3,92.7,87.2,408,187,391,19,41.3,7,15.2,9.5
Gonzalez, Oscar,660757,46,9.2,37,111.5,87.6,90.6,84.3,424,162,424,13,28.3,3,6.5,5
Taylor, Michael A.,572191,46,18,37,109.5,88.7,91.9,86.6,444,185,412,18,39.1,7,15.2,9
Bae, Ji Hwan,678225,45,12.1,31.1,107.7,87.3,90.9,82.9,403,141,381,15,33.3,2,4.4,2.9
Raleigh, Cal,663728,45,15.8,42.2,113.3,87.4,93.2,80.5,392,171,384,15,33.3,6,13.3,8
Rengifo, Luis,650859,45,5.6,26.7,109.1,87.9,91.5,85.8,395,130,395,15,33.3,1,2.2,1.4
Murphy, Sean,669221,45,12.9,40,113.8,92.5,98.5,86.9,436,203,421,22,50,12,26.7,14.6
Turang, Brice,668930,45,8.3,35.6,104.8,88.8,92.8,86.4,417,147,408,16,35.6,2,4.4,2.8
Melendez, MJ,669004,45,16.6,33.3,113.2,96.2,98.2,92.3,443,224,419,28,62.2,9,20,10.6
Gomes, Yan,543228,45,9.4,22.2,109.6,86.5,92.3,81.3,391,160,376,17,37.8,5,11.1,9.4
Marsh, Brandon,669016,44,9.9,36.4,109.8,91.2,95,87.2,436,170,405,19,43.2,6,13.6,7.8
Gordon, Nick,624503,44,7.8,40.9,105.4,88.4,92.9,84.4,382,164,,17,38.6,1,2.3,2
Muncy, Max,571970,44,20.4,25,111.1,94,100.8,86.4,433,205,395,22,50,13,29.5,14.4
Solano, Donovan,456781,44,15.7,40.9,107.1,89.8,90.4,90.7,364,177,,17,38.6,1,2.3,1.6
Heim, Jonah,641680,44,17,36.4,106.6,92.4,95.3,90,429,206,410,22,50,6,13.6,9.2
Wong, Kolten,543939,44,16,20.5,107.9,82.9,87,82.9,371,149,,9,20.5,0,0,0
Hosmer, Eric,543333,43,-1.4,20.9,110.3,85.6,92.1,82.6,398,103,398,15,34.9,3,7,5.1
Peterson, Jace,607054,43,10.9,37.2,108.3,85.4,89.5,81.3,401,172,401,13,30.2,3,7,4.3
Escobar, Eduardo,500871,43,14.6,27.9,108.9,87.3,91,82.9,371,151,371,16,37.2,2,4.7,3.3
Joe, Connor,656582,43,8.7,41.9,108.5,91.2,91.2,92.1,419,170,415,23,53.5,6,14,9.1
Grossman, Robbie,543257,43,21.7,23.3,109,88.4,89.7,89.9,396,173,395,16,37.2,3,7,4.5
Lowe, Brandon,664040,42,16.9,38.1,108.2,91.7,96.3,86.1,431,201,402,23,54.8,11,26.2,13.9
Vierling, Matt,663837,42,13.2,40.5,111.3,91.7,91.9,94.2,426,181,426,19,45.2,1,2.4,1.5
Crawford, Brandon,543063,42,8.9,26.2,108.8,88.4,92.6,85.7,415,152,385,13,31,4,9.5,5.9
Cave, Jake,595909,42,13.7,23.8,105.9,87.9,92.4,82,413,184,413,11,26.2,4,9.5,6.6
Casas, Triston,671213,42,14.5,35.7,111,89.9,96,80.7,426,182,392,13,31,4,9.5,5
Carpenter, Kerry,681481,41,9.3,26.8,109.3,90,97.5,82.8,403,169,371,18,43.9,8,19.5,12.5
Kirk, Alejandro,672386,41,7,39,107.7,85.5,87.6,83.3,398,157,398,13,31.7,4,9.8,6.1
Arroyo, Christian,624414,41,20.1,26.8,109.6,84.7,86.9,87.2,362,162,,10,24.4,0,0,0
Julks, Corey,667452,41,22.7,46.3,109.6,90.4,92.6,90.2,424,187,415,20,48.8,2,4.9,3.3
Barrero, Jose,676480,41,10.9,29.3,108.7,89.1,92.8,84.2,455,156,455,16,39,1,2.4,1.5
Stanton, Giancarlo,519317,41,6.7,31.7,117.8,95.9,99.7,95.3,485,166,416,25,61,9,22,16.7
Villar, David,681584,41,18.3,41.5,106.8,88,92.9,79.6,410,192,393,14,34.1,6,14.6,8
Castro, Rodolfo,666801,40,15.1,25,110.6,91.3,95.1,87,458,186,430,19,47.5,6,15,8.7
Massey, Michael,686681,40,19.9,30,107.2,88.5,91.1,86.4,384,171,,18,45,3,7.5,4.8
Trevino, Jose,624431,40,4.8,37.5,105.4,85.4,88.4,82.7,383,138,351,11,27.5,0,0,0
Rooker, Brent,667670,39,22.4,35.9,110.5,93.5,96.6,90.2,424,210,395,20,51.3,9,23.1,15.3
Peralta, David,444482,39,8.8,30.8,111,90.9,93.3,88.8,388,165,388,19,48.7,3,7.7,5.9
Maldonado, Martín,455117,39,20.1,33.3,108.7,87.7,92.1,83.3,410,150,410,15,38.5,1,2.6,1.7
O'Hoppe, Logan,681351,39,19.9,30.8,109.4,93.1,98.9,91.2,424,179,409,17,43.6,5,12.8,8.5
García, Avisaíl,541645,39,10.3,20.5,108.6,88.6,100.2,83.9,417,153,403,18,46.2,4,10.3,6.3
Brennan, Will,686823,39,7.3,33.3,106.6,86.4,89.9,84.4,366,148,,12,30.8,0,0,0
Laureano, Ramón,657656,39,19.1,43.6,105.9,89,89.5,90.4,408,184,402,13,33.3,5,12.8,8.2
Winker, Jesse,608385,39,16.9,28.2,106.4,87.8,93.2,85.1,387,156,,13,33.3,2,5.1,3.6
Perdomo, Geraldo,672695,38,5,42.1,100.9,84.8,89.4,79.5,371,140,371,6,15.8,0,0,0
Jiménez, Eloy,650391,38,1.9,26.3,112.3,88.7,93,86.4,434,155,415,16,42.1,6,15.8,9.7
Urías, Ramón,602104,38,10.1,31.6,109.5,89.2,90.4,89.2,390,144,387,17,44.7,4,10.5,6
Anderson, Tim,641313,37,1.1,40.5,107.6,88.3,98.9,81.9,413,125,,18,48.6,4,10.8,8.2
Wade Jr., LaMonte,664774,37,14.9,40.5,111.5,86.7,92.6,78.9,394,182,384,15,40.5,5,13.5,7
Haase, Eric,606992,37,8,32.4,109.9,86,90.9,84.9,384,128,,13,35.1,1,2.7,1.8
Vosler, Jason,613564,37,25.8,29.7,109.4,86,90.4,80.9,444,187,395,8,21.6,3,8.1,4.6
Vázquez, Christian,543877,37,5.6,40.5,104.5,87.9,91.2,83.6,376,155,,13,35.1,0,0,0
Kepler, Max,596146,37,12.9,32.4,108,89.4,93,86.4,411,191,398,14,37.8,4,10.8,8
Ozuna, Marcell,542303,37,7.7,24.3,110.3,89.9,95.1,85.4,440,150,435,15,40.5,5,13.5,7.9
Nola, Austin,543592,36,16.8,16.7,106.1,85,89,87.3,358,146,,9,25,0,0,0
Bethancourt, Christian,542194,36,12.5,30.6,109.2,93.7,99.2,88.1,419,206,402,22,61.1,7,19.4,13
Meyers, Jake,676694,35,15.3,40,107.2,88.2,91.2,84.6,398,178,358,11,31.4,3,8.6,5.5
Arcia, Orlando,606115,35,3.5,22.9,109.4,91,95.2,91.3,400,120,383,18,51.4,3,8.6,6
Mitchell, Garrett,669003,34,7.8,35.3,112.3,86.9,91,80.4,387,155,373,13,38.2,3,8.8,4.8
Wong, Connor,657136,34,11.6,26.5,107.6,88.8,91,87.1,377,138,,11,32.4,3,8.8,5.6
Henderson, Gunnar,683002,34,12.7,38.2,109.2,92.1,95.8,88.5,408,168,408,13,38.2,3,8.8,3.9
Conforto, Michael,624424,34,14.6,29.4,109.6,92.2,96.8,89.2,429,176,411,18,52.9,5,14.7,7.2
Walls, Taylor,670764,34,21.3,38.2,102,88.9,90.8,85,379,207,367,13,38.2,0,0,0
Cruz, Nelson,443558,34,9.6,35.3,108.8,90.9,91.8,91.6,432,179,406,12,35.3,4,11.8,7.4
Dozier, Hunter,641531,33,9,39.4,106.9,83.6,90.6,76.2,408,169,408,10,30.3,1,3,2
Seager, Corey,608369,33,8.1,36.4,112.3,95.2,98.3,91.5,395,180,395,18,54.5,6,18.2,12.2
Lopez, Nicky,670032,33,1.5,36.4,100.8,86.6,92.1,84.2,352,132,,7,21.2,0,0,0
Suwinski, Jack,669261,32,20.8,37.5,109.3,95.2,100.6,83.7,461,229,413,18,56.3,8,25,13.3
Capel, Conner,668843,32,10,43.8,104.6,86.8,87.2,86.1,349,161,,6,18.8,0,0,0
Refsnyder, Rob,608701,31,12.7,45.2,106.8,86.5,92.8,82.8,409,162,408,12,38.7,3,9.7,5.9
McKinstry, Zach,656716,31,8.1,45.2,108.3,86.4,91.3,80.9,410,162,387,9,29,4,12.9,8.5
Montero, Elehuris,660707,30,8.7,23.3,108,84.5,87.4,83.5,391,145,391,10,33.3,1,3.3,1.9
Vogelbach, Daniel,596129,30,7.8,26.7,111.1,88,93.4,85.1,392,142,390,12,40,3,10,5.9
Raley, Luke,670042,30,21.6,23.3,109.2,90.2,97.8,87,442,174,402,14,46.7,6,20,10.9
Carpenter, Matt,572761,29,24.6,48.3,106.4,89.2,95.2,69.6,411,236,365,11,37.9,7,24.1,13
Noda, Ryan,676116,29,12.7,41.4,106.8,88.9,94.8,86.3,401,157,393,11,37.9,2,6.9,3
Reyes, Franmil,614177,29,-0.2,31,113.4,94.9,102.1,89.1,455,156,422,15,51.7,5,17.2,9.6
Baddoo, Akil,668731,28,10.5,17.9,106.7,89.6,87,92.2,354,137,,12,42.9,0,0,0
Hensley, David,682073,28,1.4,25,107,88.8,90.7,87.4,336,129,,11,39.3,0,0,0
Belt, Brandon,474832,27,17.4,44.4,104.5,91.5,94.3,87.3,416,192,416,12,44.4,2,7.4,3.7
Burger, Jake,669394,26,9.3,57.7,118.2,91,99.5,77.8,419,219,402,12,46.2,8,30.8,16.3
Zunino, Mike,572287,26,30.7,34.6,111.2,88.4,90.8,96.1,394,182,378,10,38.5,2,7.7,3.4
Hilliard, Sam,656541,25,17.9,40,114.8,93.5,99.6,93.1,458,171,440,14,56,3,12,5.9
Taylor, Chris,621035,25,12.2,28,110.7,84.3,99.3,72.5,430,173,417,10,40,5,20,9.8
Sabol, Blake,666165,24,16.9,29.2,108.5,92.8,94.9,90.4,434,174,412,11,45.8,3,12.5,6.3
Smith, Josh H.,669701,24,22.2,29.2,109.8,89.1,89.7,89.9,378,210,,8,33.3,1,4.2,1.9